{
  "errcode": 0,
  "list": [
    {
      "id": 1,
      "isActive": false,
      "name": "西瓜",
      "price": 5,
      "number": 2
    },
    {
      "id": 2,
      "isActive": false,
      "name": "苹果",
      "price": 2,
      "number": 1
    },
    {
      "id": 3,
      "isActive": false,
      "name": "香蕉",
      "price": 3,
      "number": 5
    },
    {
      "id": 4,
      "isActive": false,
      "name": "哈密瓜",
      "price": 7,
      "number": 1
    },
    {
      "id": 5,
      "isActive": false,
      "name": "葡萄",
      "price": 2,
      "number": 3
    },
    {
      "id": 6,
      "isActive": false,
      "name": "草莓",
      "price": 10,
      "number": 1
    },
    {
      "id": 7,
      "isActive": false,
      "name": "火龙果",
      "price": 1,
      "number": 2
    },
    {
      "id": 8,
      "isActive": false,
      "name": "梨",
      "price": 5,
      "number": 2
    }
  ]
}